id,kind,key,payload_format,payload,path,applies_to,artifact_sync_policy,note,created_at,updated_at
fld_MRRS002,classification_field,COMBINATION_TYPE,field_name,combination_type,trading-storage/main/shared/market_regime_relative_strength_combinations.csv,market_regime_relative_strength_combinations;trading-data;market_regime_model,sync_artifact,"Classification axis for the reviewed combination role, such as primary, sector_rotation, or daily_context.",2026-04-29 17:28:39.068078-04,2026-04-30 00:14:51.565967-04
fld_MI7EVT02,classification_field,EVENT_CATEGORY_TYPE,field_name,event_category_type,,source_07_event_overlay,sync_artifact,Classification value: stable lowercase token for event_category_type.,2026-04-28 18:29:23.371007-04,2026-04-29 21:51:11.662634-04
fld_MEU003,classification_field,EXPOSURE_TYPE,field_name,exposure_type,trading-storage/main/shared/market_regime_etf_universe.csv,market_regime_etf_universe;source_02_target_candidate_holdings,sync_artifact,"market/sector/theme exposure classification type such as us_equity_core, sp500_sector, industry_chain, thematic_growth, crypto_beta, commodities, credit, rates_curve, or usd_volatility Classification value should use a stable lowercase token vocabulary unless the source contract explicitly requires another reviewed encoding.",2026-04-28 03:44:05.912602-04,2026-05-02 22:33:19.295122-04
fld_MI7EVT01,classification_field,INFORMATION_ROLE_TYPE,field_name,information_role_type,,source_07_event_overlay,sync_artifact,Classification value: stable lowercase token for information_role_type.,2026-04-28 18:29:23.371007-04,2026-04-29 21:51:11.662634-04
fld_OPT003,classification_field,OPTION_RIGHT_TYPE,field_name,option_right_type,,source_05_option_expression;source_06_position_execution,sync_artifact,option contract right/type such as CALL or PUT. Classification value should use a stable lowercase token vocabulary unless the source contract explicitly requires another reviewed encoding.,2026-04-26 21:55:13.803407-04,2026-04-29 21:51:11.662634-04
fld_MI7EVT04,classification_field,REFERENCE_TYPE,field_name,reference_type,,source_07_event_overlay,sync_artifact,Classification value: stable lowercase token for reference_type.,2026-04-28 18:29:23.371007-04,2026-04-29 21:51:11.662634-04
fld_R9K2H7AP,classification_field,REGISTRY_ITEM_ARTIFACT_SYNC_POLICY_TYPE,field_name,artifact_sync_policy_type,,trading_registry,sync_artifact,semantic artifact sync policy type field corresponding to trading_registry.artifact_sync_policy. Classification value should use a stable lowercase token vocabulary unless the source contract explicitly requires another reviewed encoding.,2026-04-27 01:08:42.574835-04,2026-04-29 21:51:11.662634-04
fld_M4N8X2KD,classification_field,REGISTRY_ITEM_KIND,field_name,kind,,trading_registry,sync_artifact,canonical column name for trading_registry.kind Classification value should use a stable lowercase token vocabulary unless the source contract explicitly requires another reviewed encoding.,2026-04-25 21:10:25.004346-04,2026-04-29 21:51:11.662634-04
fld_MI7EVT03,classification_field,SCOPE_TYPE,field_name,scope_type,,source_07_event_overlay,sync_artifact,Classification value: stable lowercase token for scope_type.,2026-04-28 18:29:23.371007-04,2026-04-29 21:51:11.662634-04
fld_ETFH012,classification_field,SECTOR_TYPE,field_name,sector_type,,source_02_target_candidate_holdings;source_07_event_overlay,sync_artifact,issuer-published sector taxonomy label for an ETF holding constituent. Classification value should use a stable lowercase token vocabulary unless the source contract explicitly requires another reviewed encoding.,2026-04-27 16:51:02.179007-04,2026-05-02 22:33:19.295122-04
fld_MI5SNP01,classification_field,SNAPSHOT_TYPE,field_name,snapshot_type,,source_05_option_expression,sync_artifact,Classification value: stable lowercase token for snapshot_type.,2026-04-28 18:29:23.371007-04,2026-04-29 21:51:11.662634-04
fld_MEU002,classification_field,UNIVERSE_TYPE,field_name,universe_type,trading-storage/main/shared/market_regime_etf_universe.csv,market_regime_etf_universe;source_02_target_candidate_holdings,sync_artifact,"classification type for an instrument inside a curated universe, such as market_state_etf or sector_observation_etf Classification value should use a stable lowercase token vocabulary unless the source contract explicitly requires another reviewed encoding.",2026-04-28 03:44:05.912602-04,2026-05-02 22:33:19.295122-04
cfg_SJZQAJ2W,config,ALPACA_SECRET_ALIAS,secret_alias,alpaca,/root/secrets/alpaca.json,trading-data,registry_only,"source-level secret JSON alias for Alpaca credentials and endpoint; JSON keys include api_key, secret_key, and endpoint; secret values are stored outside Git",2026-04-26 00:41:00.236263-04,2026-04-30 00:14:51.565967-04
cfg_BRAVESEARCH,config,BRAVE_SEARCH_SECRET_ALIAS,secret_alias,brave,/root/secrets/brave.json,trading-manager;trading-data,registry_only,source-level secret JSON alias for Brave Search API access; JSON key api_key is stored outside Git,2026-04-27 05:31:08.696833-04,2026-04-30 00:53:31.42278-04
cfg_DATABUNDLES,config,DATA_SOURCES_GLOBAL_CONFIG_DEPRECATED,text,deprecated,,trading-data;data_source,registry_only,Deprecated placeholder: data bundle configs now live inside each bundle folder as config.json rather than under data_source/configs/,2026-04-28 01:11:35.308994-04,2026-04-30 00:14:51.567733-04
cfg_J7D1K5RP,config,DEFAULT_TIMEZONE,timezone,America/New_York,,,registry_only,default shared timezone for this server,2026-04-25 21:10:25.004346-04,2026-04-29 21:51:11.662634-04
cfg_GDELTBQ1,config,GDELT_BIGQUERY_SECRET_ALIAS,secret_alias,gdelt,/root/secrets/gdelt.json,trading-manager;trading-data,review_on_merge,source-level Google service-account JSON alias for GDELT BigQuery access; secret values live only under /root/secrets/gdelt.json,2026-04-27 13:20:47.427999-04,2026-04-30 00:53:31.42278-04
cfg_USHCPJT2,config,GITHUB_SECRET_ALIAS,secret_alias,github,/root/secrets/github.json,git_operations,registry_only,source-level secret JSON alias for GitHub credentials; JSON keys include pat; secret values are stored outside Git,2026-04-26 00:23:32.872061-04,2026-04-29 21:51:11.662634-04
cfg_GWAWFQJ2,config,OKX_SECRET_ALIAS,secret_alias,okx,/root/secrets/okx.json,trading-data;trading-execution,registry_only,"source-level secret JSON alias for OKX credentials and credential metadata; JSON keys include api_key, secret_key, passphrase, allowed_ip_address, and api_key_remark_name; secret values are stored outside Git",2026-04-26 00:23:32.872061-04,2026-04-30 00:14:51.565967-04
cfg_U8C2D6YA,config,OPENCLAW_DATABASE_URL_SECRET_ALIAS,secret_alias,openclaw/database-url,,,registry_only,"approved config key for the active OpenClaw PostgreSQL database URL secret alias; the registry stores the alias reference, not connection secret material",2026-04-25 21:10:25.004346-04,2026-04-29 21:51:11.662634-04
cfg_VS66QD19,config,THETADATA_SECRET_ALIAS,secret_alias,thetadata,/root/secrets/thetadata.json,trading-data,registry_only,"source-level secret JSON alias for ThetaData credentials and subscription label; JSON keys include username, password, and subscription; secret values are stored outside Git",2026-04-26 12:42:39.235833-04,2026-04-30 00:14:51.565967-04
dki_MRFS001,data_feature,FEATURE_01_MARKET_REGIME,text,feature_01_market_regime,trading-data/src/data_feature/feature_01_market_regime,trading-data;trading-model;market_regime_model;source_01_market_regime,registry_only,Layer 1 MarketRegimeModel deterministic feature-output boundary. Each row is one point-in-time market-regime feature snapshot keyed by snapshot_time; generated feature values are stored as model-local keys in feature_payload_json JSONB to avoid PostgreSQL row-size limits. Concrete generated feature keys such as spy_return_30m remain governed by reviewed feature-family rules/catalogs and are not individually registered as registry rows.,2026-04-29 19:49:14.781101-04,2026-04-30 02:33:41.408225-04
dki_SCFS001,data_feature,FEATURE_02_SECTOR_CONTEXT,text,feature_02_sector_context,trading-data/src/data_feature/feature_02_sector_context,trading-data;trading-model;sector_context_model;source_01_market_regime,sync_artifact,"Layer 2 deterministic feature surface for SectorContextModel sector/industry relative strength, normalized trend, volatility-ratio, correlation, breadth, and dispersion evidence.",2026-05-02 22:33:19.297659-04,2026-05-02 22:33:19.297659-04
dki_SVSF001,data_feature,FEATURE_03_STRATEGY_VARIANT_SIMULATION,text,feature_03_strategy_variant_simulation,trading-data/src/data_feature/feature_03_strategy_variant_simulation,trading-data;trading-model;trading-manager;model_03_strategy_selection;strategy_selection_model,sync_artifact,"Layer 3 deterministic strategy variant simulation feature surface. trading-manager issues the request, trading-data simulates reviewed family/variant specs per bar for anonymous target candidates, and trading-model consumes the output for oracle construction, variant lifecycle review, agent-reviewed expansion/pruning/promotion, and StrategySelectionModel training evidence.",2026-05-04 09:39:09.273633-04,2026-05-04 09:39:09.273633-04
dbu_MMC41ETB,data_feed,ALPACA_BARS,text,01_feed_alpaca_bars,trading-data/src/data_feed/01_feed_alpaca_bars,trading-data,sync_artifact,01 data feed for Alpaca stock/ETF historical bars; task/run IDs use 01_feed_alpaca_bars prefixes.,2026-04-26 12:04:38.776842-04,2026-04-30 00:14:51.565967-04
dbu_BR96XL13,data_feed,ALPACA_LIQUIDITY,text,02_feed_alpaca_liquidity,trading-data/src/data_feed/02_feed_alpaca_liquidity,trading-data,sync_artifact,02 data feed for Alpaca liquidity bars built from transient trades and quotes; task/run IDs use 02_feed_alpaca_liquidity prefixes.,2026-04-26 12:04:38.776842-04,2026-04-30 00:14:51.565967-04
dbu_UF1ZH2YB,data_feed,ALPACA_NEWS,text,03_feed_alpaca_news,trading-data/src/data_feed/03_feed_alpaca_news,trading-data,sync_artifact,03 data feed for Alpaca stock/ETF news metadata; task/run IDs use 03_feed_alpaca_news prefixes.,2026-04-26 12:04:38.776842-04,2026-04-30 00:14:51.565967-04
dbu_ZTQFKICI,data_feed,ETF_HOLDINGS,text,06_feed_etf_holdings,trading-data/src/data_feed/06_feed_etf_holdings,trading-data,sync_artifact,"06 data feed for ETF issuer holdings files across CSV, XLSX, JSON, and HTML surfaces.",2026-04-26 12:04:38.776842-04,2026-04-30 00:14:51.565967-04
dbu_GDELTN1,data_feed,GDELT_NEWS,text,05_feed_gdelt_news,trading-data/src/data_feed/05_feed_gdelt_news,trading-data,sync_artifact,05 data feed for GDELT BigQuery-backed global news evidence used by event discovery.,2026-04-27 13:26:23.487083-04,2026-04-30 00:14:51.565967-04
dbu_W59XPQBY,data_feed,OKX_CRYPTO_MARKET_DATA,text,04_feed_okx_crypto_market_data,trading-data/src/data_feed/04_feed_okx_crypto_market_data,trading-data,sync_artifact,"04 data feed for OKX crypto bars, normalized trades, and trade-derived liquidity bars; sampled order-book fields may be blank when unavailable.",2026-04-26 12:04:38.776842-04,2026-04-30 00:14:51.565967-04
dbu_5HPPSAMV,data_feed,SEC_COMPANY_FINANCIALS,text,08_feed_sec_company_financials,trading-data/src/data_feed/08_feed_sec_company_financials,trading-data,sync_artifact,"08 data feed for SEC EDGAR submissions, companyfacts, companyconcept, and XBRL frames with compact normalized outputs.",2026-04-26 12:04:38.776842-04,2026-04-30 00:14:51.565967-04
dbu_Q5TXEVNT,data_feed,THETADATA_OPTION_EVENT_TIMELINE,text,11_feed_thetadata_option_event_timeline,trading-data/src/data_feed/11_feed_thetadata_option_event_timeline,trading-data,sync_artifact,11 data feed for ThetaData option event-only activity timeline evidence rows and per-event detail artifacts.,2026-04-26 19:00:52.331821-04,2026-04-30 00:14:51.565967-04
dbu_9O1A3ATK,data_feed,THETADATA_OPTION_PRIMARY_TRACKING,text,10_feed_thetadata_option_primary_tracking,trading-data/src/data_feed/10_feed_thetadata_option_primary_tracking,trading-data,sync_artifact,10 data feed for ThetaData specified-contract primary tracking from entry through exit horizons.,2026-04-26 12:04:38.776842-04,2026-04-30 00:14:51.565967-04
dbu_GI7N2MIP,data_feed,THETADATA_OPTION_SELECTION_SNAPSHOT,text,09_feed_thetadata_option_selection_snapshot,trading-data/src/data_feed/09_feed_thetadata_option_selection_snapshot,trading-data,sync_artifact,09 data feed for explicit-time point-in-time ThetaData option-chain snapshots used to simulate visible contract-selection information.,2026-04-26 12:04:38.776842-04,2026-04-30 00:14:51.565967-04
dbu_TECALWEB,data_feed,TRADING_ECONOMICS_CALENDAR_WEB,text,07_feed_trading_economics_calendar_web,trading-data/src/data_feed/07_feed_trading_economics_calendar_web,trading-data,sync_artifact,07 data feed for conservative Trading Economics visible-page U.S. high-impact macro calendar rows; no bulk backfill yet.,2026-04-27 16:51:02.179007-04,2026-04-30 00:14:51.565967-04
dbu_MRGINPUT,data_source,SOURCE_01_MARKET_REGIME,text,source_01_market_regime,trading-data/src/data_source/source_01_market_regime,trading-data;trading-model;market_regime_model,sync_artifact,01 control-plane-facing MarketRegimeModel data source; fetches ETF bars from data feeds and writes trading_data.source_01_market_regime.,2026-04-28 00:44:02.799166-04,2026-04-30 00:33:56.377076-04
dbu_SECINPUT,data_source,SOURCE_02_TARGET_CANDIDATE_HOLDINGS,text,source_02_target_candidate_holdings,trading-data/src/data_source/source_02_target_candidate_holdings,trading-data;trading-model;model_03_strategy_selection;anonymous_target_candidate_builder,sync_artifact,02 control-plane-facing holdings source for anonymous target candidate preparation; fetches ETF holdings only for market_regime_etf_universe rows with universe_type = sector_observation_etf and writes trading_data.source_02_target_candidate_holdings after Layer 2 sector/basket prioritization.,2026-04-28 00:44:02.799166-04,2026-05-03 22:07:04.23064-04
dbu_STRINPUT,data_source,SOURCE_03_STRATEGY_SELECTION,text,source_03_strategy_selection,trading-data/src/data_source/source_03_strategy_selection,trading-data;trading-model;strategy_selection_model,sync_artifact,03 control-plane-facing StrategySelectionModel data source; fetches bars and liquidity from data feeds and writes trading_data.source_03_strategy_selection.,2026-04-28 00:44:02.799166-04,2026-04-30 00:33:56.377076-04
dbu_OPTINPUT,data_source,SOURCE_05_OPTION_EXPRESSION,text,source_05_option_expression,trading-data/src/data_source/source_05_option_expression,trading-data;trading-model;option_expression_model,sync_artifact,05 control-plane-facing OptionExpressionModel data source; fetches option snapshots from data feeds and writes the option-expression SQL contract.,2026-04-28 00:44:02.799166-04,2026-04-30 00:33:56.377076-04
dbu_EVTINPUT,data_source,SOURCE_06_POSITION_EXECUTION,text,source_06_position_execution,trading-data/src/data_source/source_06_position_execution,trading-data;trading-model;position_execution_model,sync_artifact,06 control-plane-facing PositionExecutionModel data source; fetches selected-contract option time series from data feeds and writes trading_data.source_06_position_execution.,2026-04-28 00:44:02.799166-04,2026-04-30 00:33:56.377076-04
dbu_PRKINPUT,data_source,SOURCE_07_EVENT_OVERLAY,text,source_07_event_overlay,trading-data/src/data_source/source_07_event_overlay,trading-data;trading-model;event_overlay_model,sync_artifact,07 control-plane-facing EventOverlayModel data source; prepares one SQL event overview row per required event with details behind references.,2026-04-28 00:44:02.799166-04,2026-04-30 00:33:56.377076-04
scp_ALPBAR1,feed_capability,ALPACA_EQUITY_BAR,text,alpaca_equity_bar,https://docs.alpaca.markets/reference/stockbars,01_feed_alpaca_bars;alpaca,registry_only,Alpaca market-data stock/ETF historical bar endpoint capability used transiently by 01_feed_alpaca_bars and numbered trading-feed bundles; not a final data_kind,2026-04-28 22:19:42.46024-04,2026-04-29 21:51:11.662634-04
scp_ALPSNAP1,feed_capability,ALPACA_EQUITY_LATEST_SNAPSHOT,text,alpaca_equity_latest_snapshot,https://docs.alpaca.markets/reference/stocksnapshots,02_feed_alpaca_liquidity;alpaca,registry_only,"Alpaca latest stock snapshot capability; useful for availability/planning around quote/trade/bar state, not currently a final saved data shape",2026-04-28 22:19:42.46024-04,2026-04-29 21:51:11.662634-04
scp_ALPNEWS1,feed_capability,ALPACA_EQUITY_NEWS,text,alpaca_equity_news,https://docs.alpaca.markets/reference/news-3,03_feed_alpaca_news;alpaca,registry_only,Alpaca news endpoint capability for feed article metadata used by 03_feed_alpaca_news; not a final canonical event data_kind,2026-04-28 22:19:42.46024-04,2026-04-29 21:51:11.662634-04
dki_4LDCM9Q8,feed_capability,CRYPTO_ORDER_BOOK,text,crypto_order_book,,04_feed_okx_crypto_market_data,review_on_merge,OKX order-book feed category; snapshots can form a time series only from collection start unless a historical order-book feed is accepted Registry cleanup 2026-04-28: restored from deleted data_kind history as feed_capability; not an active final saved data_kind.,2026-04-28 04:58:26.897194-04,2026-04-29 21:51:11.662634-04
dki_UV1LV9WE,feed_capability,CRYPTO_QUOTE,text,crypto_quote,,04_feed_okx_crypto_market_data,review_on_merge,OKX ticker/top-of-book feed category; not currently accepted as a standalone final saved data kind because quote-feature definitions may be absent or sampled separately Registry cleanup 2026-04-28: restored from deleted data_kind history as feed_capability; not an active final saved data_kind.,2026-04-28 04:58:26.897194-04,2026-04-30 00:15:21.464182-04
dki_BFOOT2KD,feed_capability,CRYPTO_TRADE,text,crypto_trade,,04_feed_okx_crypto_market_data,review_on_merge,"OKX crypto trades are transient inputs for crypto_liquidity_bar, not default standalone final saved outputs; do not save crypto_trade.csv unless explicitly approved for a bounded debug/audit use case Registry cleanup 2026-04-28: restored from deleted data_kind history as feed_capability; not an active final saved data_kind.",2026-04-28 04:58:26.897194-04,2026-04-29 21:51:11.662634-04
dki_H58O19IF,feed_capability,EQUITY_QUOTE,text,equity_quote,,02_feed_alpaca_liquidity,review_on_merge,"Alpaca quote records are live-confirmed transient inputs for 02_feed_alpaca_liquidity, not default persisted final outputs; no data-kind template until explicitly accepted as saved data Registry cleanup 2026-04-28: restored from deleted data_kind history as feed_capability; not an active final saved data_kind.",2026-04-28 04:58:26.897194-04,2026-04-29 21:51:11.662634-04
dki_4OEED0FT,feed_capability,EQUITY_SNAPSHOT,text,equity_snapshot,,02_feed_alpaca_liquidity,review_on_merge,Alpaca snapshots are live-confirmed but not currently accepted as final saved outputs; no data-kind template until explicitly accepted as saved data Registry cleanup 2026-04-28: restored from deleted data_kind history as feed_capability; not an active final saved data_kind.,2026-04-28 04:58:26.897194-04,2026-04-29 21:51:11.662634-04
dki_ELPMPT7W,feed_capability,EQUITY_TRADE,text,equity_trade,,02_feed_alpaca_liquidity,review_on_merge,"Alpaca trade prints are live-confirmed transient inputs for 02_feed_alpaca_liquidity, not default persisted final outputs; no data-kind template until explicitly accepted as saved data Registry cleanup 2026-04-28: restored from deleted data_kind history as feed_capability; not an active final saved data_kind.",2026-04-28 04:58:26.897194-04,2026-04-29 21:51:11.662634-04
trm_LKP3RR2V,feed_capability,ETF_ISSUER_HOLDINGS,text,etf_issuer_holdings,"",06_feed_etf_holdings;official_issuer_holdings,registry_only,"Official ETF issuer holdings publication capability across CSV, XLSX, JSON, and HTML issuer surfaces; adapter-normalized evidence, not a provider-independent final data_kind",2026-04-26 01:48:23.385904-04,2026-04-29 21:51:11.662634-04
scp_GDELTGKG1,feed_capability,GDELT_GKG_RECORD,text,gdelt_gkg_record,https://www.gdeltproject.org/data.html,05_feed_gdelt_news;gdelt_bigquery,registry_only,GDELT GKG BigQuery record capability used for pre-filtered broad news/feed evidence; not a final canonical event data_kind,2026-04-28 22:19:42.46024-04,2026-04-29 21:51:11.662634-04
scp_OKXCNDL1,feed_capability,OKX_CRYPTO_CANDLE,text,okx_crypto_candle,https://www.okx.com/docs-v5/en/#order-book-trading-market-data-get-candlesticks,04_feed_okx_crypto_market_data;okx,registry_only,OKX candlestick endpoint capability used by 04_feed_okx_crypto_market_data for crypto bar construction; not a standalone final data_kind,2026-04-28 22:19:42.46024-04,2026-04-29 21:51:11.662634-04
dki_BWQ5ICU7,feed_capability,OPTION_CONTRACT,text,option_contract,https://http-docs.thetadata.us/,10_feed_thetadata_option_primary_tracking;09_feed_thetadata_option_selection_snapshot,review_on_merge,ThetaData option contract/reference records used for primary-contract tracking and point-in-time selection snapshots Registry cleanup 2026-04-28: restored from deleted data_kind history as feed_capability; not an active final saved data_kind.,2026-04-28 04:58:26.897194-04,2026-04-29 21:51:11.662634-04
dki_6MTHFL7Q,feed_capability,OPTION_EOD,text,option_eod,https://http-docs.thetadata.us/,10_feed_thetadata_option_primary_tracking;09_feed_thetadata_option_selection_snapshot,review_on_merge,ThetaData option end-of-day records used for primary-contract tracking and visible chain context when applicable Registry cleanup 2026-04-28: restored from deleted data_kind history as feed_capability; not an active final saved data_kind.,2026-04-28 04:58:26.897194-04,2026-04-29 21:51:11.662634-04
dki_YY7IBQ8C,feed_capability,OPTION_GREEKS_FIRST_ORDER,text,option_greeks_first_order,https://http-docs.thetadata.us/,10_feed_thetadata_option_primary_tracking;09_feed_thetadata_option_selection_snapshot,review_on_merge,ThetaData first-order Greeks used for primary-contract tracking and point-in-time chain selection context Registry cleanup 2026-04-28: restored from deleted data_kind history as feed_capability; not an active final saved data_kind.,2026-04-28 04:58:26.897194-04,2026-04-29 21:51:11.662634-04
dki_PZNI1XUP,feed_capability,OPTION_GREEKS_SECOND_ORDER,text,option_greeks_second_order,https://http-docs.thetadata.us/,09_feed_thetadata_option_selection_snapshot,review_on_merge,ThetaData second-order Greeks remain entitlement-blocked on the current STANDARD account; include only in point-in-time selection snapshots if entitlement is upgraded Registry cleanup 2026-04-28: restored from deleted data_kind history as feed_capability; not an active final saved data_kind.,2026-04-28 04:58:26.897194-04,2026-04-29 21:51:11.662634-04
dki_E5R4G5KB,feed_capability,OPTION_GREEKS_THIRD_ORDER,text,option_greeks_third_order,https://http-docs.thetadata.us/,09_feed_thetadata_option_selection_snapshot,review_on_merge,ThetaData third-order Greeks remain entitlement-blocked on the current STANDARD account; include only in point-in-time selection snapshots if entitlement is upgraded Registry cleanup 2026-04-28: restored from deleted data_kind history as feed_capability; not an active final saved data_kind.,2026-04-28 04:58:26.897194-04,2026-04-29 21:51:11.662634-04
dki_1IKW20PE,feed_capability,OPTION_IMPLIED_VOLATILITY,text,option_implied_volatility,https://http-docs.thetadata.us/,10_feed_thetadata_option_primary_tracking;09_feed_thetadata_option_selection_snapshot,review_on_merge,ThetaData option implied volatility records used for primary-contract tracking and point-in-time chain selection context Registry cleanup 2026-04-28: restored from deleted data_kind history as feed_capability; not an active final saved data_kind.,2026-04-28 04:58:26.897194-04,2026-04-29 21:51:11.662634-04
dki_O7F5GJCD,feed_capability,OPTION_NBBO,text,option_nbbo,,11_feed_thetadata_option_event_timeline;10_feed_thetadata_option_primary_tracking,review_on_merge,ThetaData option trade-quote/NBBO rows align trades with quotes and are preferred feed inputs for option liquidity and unusual-activity event timelines; feed input only unless a later migration accepts this raw kind as final saved output Registry cleanup 2026-04-28: restored from deleted data_kind history as feed_capability; not an active final saved data_kind.,2026-04-28 04:58:26.897194-04,2026-04-29 21:51:11.662634-04
dki_V93OLXTY,feed_capability,OPTION_OHLC,text,option_ohlc,https://http-docs.thetadata.us/,10_feed_thetadata_option_primary_tracking,review_on_merge,ThetaData option OHLC records for the selected primary/main contract tracked alongside equity bars Registry cleanup 2026-04-28: restored from deleted data_kind history as feed_capability; not an active final saved data_kind.,2026-04-28 04:58:26.897194-04,2026-04-29 21:51:11.662634-04
dki_CHECOD4I,feed_capability,OPTION_OPEN_INTEREST,text,option_open_interest,https://http-docs.thetadata.us/,10_feed_thetadata_option_primary_tracking;09_feed_thetadata_option_selection_snapshot,review_on_merge,ThetaData option open interest records used for primary-contract tracking and point-in-time chain selection context Registry cleanup 2026-04-28: restored from deleted data_kind history as feed_capability; not an active final saved data_kind.,2026-04-28 04:58:26.897194-04,2026-04-29 21:51:11.662634-04
dki_CK3CV9TH,feed_capability,OPTION_QUOTE,text,option_quote,,11_feed_thetadata_option_event_timeline;10_feed_thetadata_option_primary_tracking,review_on_merge,ThetaData option quotes are feed inputs for unusual-activity event timelines and primary-contract liquidity features; default final persistence should aggregate or eventize rather than save bulky raw quotes; feed input only unless a later migration accepts this raw kind as final saved output Registry cleanup 2026-04-28: restored from deleted data_kind history as feed_capability; not an active final saved data_kind.,2026-04-28 04:58:26.897194-04,2026-04-29 21:51:11.662634-04
dki_6CW1NB0H,feed_capability,OPTION_SNAPSHOT,text,option_snapshot,https://http-docs.thetadata.us/,09_feed_thetadata_option_selection_snapshot,review_on_merge,ThetaData requested-time option quote snapshot records for simulating visible chain information at signal/contract-selection time Registry cleanup 2026-04-28: restored from deleted data_kind history as feed_capability; not an active final saved data_kind.,2026-04-28 04:58:26.897194-04,2026-04-29 21:51:11.662634-04
dki_2222F63W,feed_capability,OPTION_TRADE,text,option_trade,,11_feed_thetadata_option_event_timeline;10_feed_thetadata_option_primary_tracking,review_on_merge,ThetaData option trades are feed inputs for unusual-activity event timelines and primary-contract liquidity features; default final persistence should aggregate or eventize rather than save bulky raw trades; feed input only unless a later migration accepts this raw kind as final saved output Registry cleanup 2026-04-28: restored from deleted data_kind history as feed_capability; not an active final saved data_kind.,2026-04-28 04:58:26.897194-04,2026-04-29 21:51:11.662634-04
dki_GFV59VYO,feed_capability,OPTION_TRADE_GREEKS,text,option_trade_greeks,https://http-docs.thetadata.us/,11_feed_thetadata_option_event_timeline,review_on_merge,ThetaData trade Greeks remain entitlement-blocked on the current STANDARD account; event timeline may use them only if entitlement is upgraded Registry cleanup 2026-04-28: restored from deleted data_kind history as feed_capability; not an active final saved data_kind.,2026-04-28 04:58:26.897194-04,2026-04-29 21:51:11.662634-04
dki_FDDPJVLF,feed_capability,SEC_COMPANY_CONCEPT,text,sec_company_concept,https://www.sec.gov/search-filings/edgar-application-programming-interfaces,08_feed_sec_company_financials,review_on_merge,SEC companyconcept facts for one taxonomy/tag Registry cleanup 2026-04-28: restored from deleted data_kind history as feed_capability; not an active final saved data_kind.,2026-04-28 04:58:26.897194-04,2026-04-29 21:51:11.662634-04
dki_PBST7F0X,feed_capability,SEC_COMPANY_FACT,text,sec_company_fact,https://www.sec.gov/search-filings/edgar-application-programming-interfaces,08_feed_sec_company_financials,review_on_merge,SEC companyfacts XBRL facts by CIK Registry cleanup 2026-04-28: restored from deleted data_kind history as feed_capability; not an active final saved data_kind.,2026-04-28 04:58:26.897194-04,2026-04-29 21:51:11.662634-04
dki_OFH0JXSP,feed_capability,SEC_FILING_DOCUMENT,text,sec_filing_document,https://www.sec.gov/search-filings/edgar-application-programming-interfaces,08_feed_sec_company_financials,review_on_merge,SEC filing document metadata/content references when accepted Registry cleanup 2026-04-28: restored from deleted data_kind history as feed_capability; not an active final saved data_kind.,2026-04-28 04:58:26.897194-04,2026-04-29 21:51:11.662634-04
dki_4SBQMF2Y,feed_capability,SEC_SUBMISSION,text,sec_submission,https://www.sec.gov/search-filings/edgar-application-programming-interfaces,08_feed_sec_company_financials,review_on_merge,SEC EDGAR submissions and filing-history JSON Registry cleanup 2026-04-28: restored from deleted data_kind history as feed_capability; not an active final saved data_kind.,2026-04-28 04:58:26.897194-04,2026-04-29 21:51:11.662634-04
dki_D21L7FWL,feed_capability,SEC_XBRL_FRAME,text,sec_xbrl_frame,https://www.sec.gov/search-filings/edgar-application-programming-interfaces,08_feed_sec_company_financials,review_on_merge,SEC frames API records for cross-company XBRL concept periods Registry cleanup 2026-04-28: restored from deleted data_kind history as feed_capability; not an active final saved data_kind.,2026-04-28 04:58:26.897194-04,2026-04-29 21:51:11.662634-04
scp_TECALPG1,feed_capability,TRADING_ECONOMICS_CALENDAR_PAGE,text,trading_economics_calendar_page,https://tradingeconomics.com/united-states/calendar,07_feed_trading_economics_calendar_web;trading_economics,registry_only,Trading Economics visible calendar web-page capability; intentionally excludes API/download endpoints and is not itself a final data_kind,2026-04-28 22:19:42.46024-04,2026-04-29 21:51:11.662634-04
fld_OPT018,field,BAR_CLOSE,field_name,bar_close,,source_01_market_regime;source_03_strategy_selection;source_06_position_execution,sync_artifact,bar close price,2026-04-26 21:55:13.803407-04,2026-04-29 21:51:11.662634-04
fld_MEU004,field,BAR_GRAIN,field_name,bar_grain,trading-storage/main/shared/market_regime_etf_universe.csv,market_regime_etf_universe,sync_artifact,"intended observation bar granularity, e.g. 1m, 30m, or 1d",2026-04-28 03:44:05.912602-04,2026-04-29 21:51:11.662634-04
fld_OPT016,field,BAR_HIGH,field_name,bar_high,,source_01_market_regime;source_03_strategy_selection;source_06_position_execution,sync_artifact,bar high price,2026-04-26 21:55:13.803407-04,2026-04-29 21:51:11.662634-04
fld_OPT017,field,BAR_LOW,field_name,bar_low,,source_01_market_regime;source_03_strategy_selection;source_06_position_execution,sync_artifact,bar low price,2026-04-26 21:55:13.803407-04,2026-04-29 21:51:11.662634-04
fld_OPT015,field,BAR_OPEN,field_name,bar_open,,source_01_market_regime;source_03_strategy_selection;source_06_position_execution,sync_artifact,bar open price,2026-04-26 21:55:13.803407-04,2026-04-29 21:51:11.662634-04
fld_OPT020,field,BAR_TRADE_COUNT,field_name,bar_trade_count,,source_01_market_regime;source_03_strategy_selection;source_06_position_execution,sync_artifact,number of trades contributing to a bar,2026-04-26 21:55:13.803407-04,2026-04-29 21:51:11.662634-04
fld_OPT019,field,BAR_VOLUME,field_name,bar_volume,,source_01_market_regime;source_03_strategy_selection;source_06_position_execution,sync_artifact,bar traded volume,2026-04-26 21:55:13.803407-04,2026-04-29 21:51:11.662634-04
fld_OPT021,field,BAR_VWAP,field_name,bar_vwap,,source_01_market_regime;source_03_strategy_selection;source_06_position_execution,sync_artifact,bar volume-weighted average price,2026-04-26 21:55:13.803407-04,2026-04-29 21:51:11.662634-04
fld_MRM016,field,CAPITAL_FLOW_FACTOR,field_name,capital_flow_factor,,model_01_market_regime;market_context_state,sync_artifact,"Layer 1 MarketRegimeModel V1 market-property factor summarizing broad capital-flow, funding, and liquidity pressure.",2026-05-02 03:17:58.449102-04,2026-05-02 03:17:58.449102-04
fld_MRM013,field,DATA_QUALITY_SCORE,field_name,data_quality_score,,model_01_market_regime,sync_artifact,Continuous MarketRegimeModel V1 metric summarizing observed signal coverage and reliability for the row.,2026-04-29 22:55:40.327454-04,2026-05-02 03:17:58.448719-04
fld_MRRS006,field,DENOMINATOR_BAR_GRAIN,field_name,denominator_bar_grain,trading-storage/main/shared/market_regime_relative_strength_combinations.csv,market_regime_relative_strength_combinations;trading-data;market_regime_model,sync_artifact,Source acquisition/detail bar grain for the denominator ETF symbol.,2026-04-29 17:28:39.068078-04,2026-04-30 00:14:51.565967-04
fld_MI3LIQ01,field,DOLLAR_VOLUME,field_name,dollar_volume,,source_03_strategy_selection,sync_artifact,Bar-level notional traded value used as liquidity evidence,2026-04-28 18:29:23.371007-04,2026-04-29 21:51:11.662634-04
fld_ETFH008,field,ETF_HOLDING_MARKET_VALUE,field_name,market_value,,source_02_target_candidate_holdings,sync_artifact,Issuer-published market value of the constituent holding,2026-04-27 16:51:02.179007-04,2026-05-02 22:33:19.295122-04
fld_ETFH007,field,ETF_HOLDING_SHARES,field_name,shares,,source_02_target_candidate_holdings,sync_artifact,Issuer-published share count held by the ETF,2026-04-27 16:51:02.179007-04,2026-05-02 22:33:19.295122-04
fld_ETFH006,field,ETF_HOLDING_WEIGHT,field_name,weight,,source_02_target_candidate_holdings,sync_artifact,Constituent weight as a percentage of ETF net assets/fund value,2026-04-27 16:51:02.179007-04,2026-05-02 22:33:19.295122-04
fld_MRRS007,field,FEATURE_BAR_GRAIN,field_name,feature_bar_grain,trading-storage/main/shared/market_regime_relative_strength_combinations.csv,market_regime_relative_strength_combinations;trading-data;market_regime_model,sync_artifact,Derived feature bar grain for a relative-strength combination row.,2026-04-29 17:28:39.068078-04,2026-04-30 00:14:51.565967-04
fld_MRM019,field,FUNDAMENTAL_STRENGTH_FACTOR,field_name,fundamental_strength_factor,,model_01_market_regime;market_context_state,sync_artifact,Layer 1 MarketRegimeModel V1 market-property factor summarizing broad fundamental strength or its current reviewed proxy.,2026-05-02 03:17:58.449102-04,2026-05-02 03:17:58.449102-04
fld_OPT051,field,GREEK_DELTA,field_name,delta,,source_05_option_expression,sync_artifact,option first-order Greek delta,2026-04-26 21:55:13.803407-04,2026-04-29 21:51:11.662634-04
fld_OPT055,field,GREEK_EPSILON,field_name,epsilon,,source_05_option_expression,sync_artifact,option first-order Greek epsilon,2026-04-26 21:55:13.803407-04,2026-04-29 21:51:11.662634-04
fld_OPT056,field,GREEK_LAMBDA,field_name,lambda,,source_05_option_expression,sync_artifact,option first-order Greek lambda,2026-04-26 21:55:13.803407-04,2026-04-29 21:51:11.662634-04
fld_OPT054,field,GREEK_RHO,field_name,rho,,source_05_option_expression,sync_artifact,option first-order Greek rho,2026-04-26 21:55:13.803407-04,2026-04-29 21:51:11.662634-04
fld_OPT052,field,GREEK_THETA,field_name,theta,,source_05_option_expression,sync_artifact,option first-order Greek theta,2026-04-26 21:55:13.803407-04,2026-04-29 21:51:11.662634-04
fld_OPT053,field,GREEK_VEGA,field_name,vega,,source_05_option_expression,sync_artifact,option first-order Greek vega,2026-04-26 21:55:13.803407-04,2026-04-29 21:51:11.662634-04
fld_OPT045,field,IMPLIED_VOL,field_name,implied_vol,,source_05_option_expression,sync_artifact,implied volatility value used in option snapshots and event detail contexts,2026-04-26 21:55:13.803407-04,2026-04-29 21:51:11.662634-04
fld_OPT064,field,IV_ERROR,field_name,iv_error,,source_05_option_expression,sync_artifact,ThetaData implied-volatility error/status value in nested IV context,2026-04-27 00:26:16.245342-04,2026-04-29 21:51:11.662634-04
fld_MRM020,field,MACRO_ENVIRONMENT_FACTOR,field_name,macro_environment_factor,,model_01_market_regime;market_context_state,sync_artifact,Layer 1 MarketRegimeModel V1 market-property factor summarizing macro and policy environment pressure.,2026-05-02 03:17:58.449102-04,2026-05-02 03:17:58.449102-04
fld_MRM021,field,MARKET_STRUCTURE_FACTOR,field_name,market_structure_factor,,model_01_market_regime;market_context_state,sync_artifact,"Layer 1 MarketRegimeModel V1 market-property factor summarizing market-wide structure, breadth, concentration, crowding, and correlation.",2026-05-02 03:17:58.449102-04,2026-05-02 03:17:58.449102-04
fld_MRRS005,field,NUMERATOR_BAR_GRAIN,field_name,numerator_bar_grain,trading-storage/main/shared/market_regime_relative_strength_combinations.csv,market_regime_relative_strength_combinations;trading-data;market_regime_model,sync_artifact,Source acquisition/detail bar grain for the numerator ETF symbol.,2026-04-29 17:28:39.068078-04,2026-04-30 00:14:51.565967-04
fld_OPT059,field,OPTION_DAYS_TO_EXPIRATION,field_name,days_to_expiration,,source_05_option_expression,sync_artifact,derived days to expiration for an option contract,2026-04-26 21:55:13.803407-04,2026-04-29 21:51:11.662634-04
fld_OPT004,field,OPTION_STRIKE,field_name,strike,,source_05_option_expression;source_06_position_execution,sync_artifact,option contract strike price,2026-04-26 21:55:13.803407-04,2026-04-29 21:51:11.662634-04
fld_OPT001,field,OPTION_UNDERLYING,field_name,underlying,,source_05_option_expression;source_06_position_execution,sync_artifact,underlying equity symbol for ThetaData option outputs and option task parameters,2026-04-26 21:55:13.803407-04,2026-04-29 21:51:11.662634-04
fld_MRM014,field,PRICE_BEHAVIOR_FACTOR,field_name,price_behavior_factor,,model_01_market_regime;market_context_state,sync_artifact,Layer 1 MarketRegimeModel V1 market-property factor summarizing broad price behavior.,2026-05-02 03:17:58.449102-04,2026-05-02 03:17:58.449102-04
fld_OPT033,field,QUOTE_ASK,field_name,ask,,source_05_option_expression,sync_artifact,ask price in quote contexts,2026-04-26 21:55:13.803407-04,2026-04-29 21:51:11.662634-04
fld_B05ACND,field,QUOTE_ASK_CONDITION,field_name,ask_condition,,source_05_option_expression,sync_artifact,ThetaData ask-side quote condition code for a contract-level option expression snapshot row,2026-04-29 03:20:51.514903-04,2026-04-29 21:51:11.662634-04
fld_B05AEXC,field,QUOTE_ASK_EXCHANGE,field_name,ask_exchange,,source_05_option_expression,sync_artifact,ThetaData ask-side exchange code for a contract-level option expression snapshot row,2026-04-29 03:20:51.514903-04,2026-04-29 21:51:11.662634-04
fld_OPT038,field,QUOTE_ASK_SIZE,field_name,ask_size,,source_05_option_expression,sync_artifact,ask size in quote contexts,2026-04-26 21:55:13.803407-04,2026-04-29 21:51:11.662634-04
fld_MKT012,field,QUOTE_AVG_ASK,field_name,avg_ask,,source_03_strategy_selection,sync_artifact,average ask price in a liquidity interval,2026-04-26 22:05:26.458649-04,2026-04-29 21:51:11.662634-04
fld_MI3LIQ03,field,QUOTE_AVG_ASK_SIZE,field_name,avg_ask_size,,source_03_strategy_selection,sync_artifact,Average ask size observed across quotes in the bar interval,2026-04-28 18:29:23.371007-04,2026-04-29 21:51:11.662634-04
fld_MKT011,field,QUOTE_AVG_BID,field_name,avg_bid,,source_03_strategy_selection,sync_artifact,average bid price in a liquidity interval,2026-04-26 22:05:26.458649-04,2026-04-29 21:51:11.662634-04
fld_MI3LIQ02,field,QUOTE_AVG_BID_SIZE,field_name,avg_bid_size,,source_03_strategy_selection,sync_artifact,Average bid size observed across quotes in the bar interval,2026-04-28 18:29:23.371007-04,2026-04-29 21:51:11.662634-04
fld_MKT014,field,QUOTE_AVG_SPREAD,field_name,avg_spread,,source_03_strategy_selection,sync_artifact,average bid-ask spread in a liquidity interval,2026-04-26 22:05:26.458649-04,2026-04-29 21:51:11.662634-04
fld_OPT032,field,QUOTE_BID,field_name,bid,,source_05_option_expression,sync_artifact,bid price in quote contexts,2026-04-26 21:55:13.803407-04,2026-04-29 21:51:11.662634-04
fld_B05BCND,field,QUOTE_BID_CONDITION,field_name,bid_condition,,source_05_option_expression,sync_artifact,ThetaData bid-side quote condition code for a contract-level option expression snapshot row,2026-04-29 03:20:51.514903-04,2026-04-29 21:51:11.662634-04
fld_B05BEXC,field,QUOTE_BID_EXCHANGE,field_name,bid_exchange,,source_05_option_expression,sync_artifact,ThetaData bid-side exchange code for a contract-level option expression snapshot row,2026-04-29 03:20:51.514903-04,2026-04-29 21:51:11.662634-04
fld_OPT037,field,QUOTE_BID_SIZE,field_name,bid_size,,source_05_option_expression,sync_artifact,bid size in quote contexts,2026-04-26 21:55:13.803407-04,2026-04-29 21:51:11.662634-04
fld_MKT004,field,QUOTE_COUNT,field_name,quote_count,,source_03_strategy_selection,sync_artifact,number of quotes contributing to an interval; may be blank when quote history is unavailable,2026-04-26 22:05:26.458649-04,2026-04-29 21:51:11.662634-04
fld_MKT016,field,QUOTE_LAST_ASK,field_name,last_ask,,source_03_strategy_selection,sync_artifact,last ask price observed in a liquidity interval,2026-04-26 22:05:26.458649-04,2026-04-29 21:51:11.662634-04
fld_MKT015,field,QUOTE_LAST_BID,field_name,last_bid,,source_03_strategy_selection,sync_artifact,last bid price observed in a liquidity interval,2026-04-26 22:05:26.458649-04,2026-04-29 21:51:11.662634-04
fld_OPT034,field,QUOTE_MID,field_name,mid,,source_05_option_expression,sync_artifact,quote midpoint price in quote contexts,2026-04-26 21:55:13.803407-04,2026-04-29 21:51:11.662634-04
fld_OPT035,field,QUOTE_SPREAD,field_name,spread,,source_05_option_expression,sync_artifact,ask minus bid spread in quote contexts,2026-04-26 21:55:13.803407-04,2026-04-29 21:51:11.662634-04
fld_MI3LIQ04,field,QUOTE_SPREAD_BPS,field_name,spread_bps,,source_03_strategy_selection,sync_artifact,Average bid/ask spread expressed in basis points for a liquidity interval,2026-04-28 18:29:23.371007-04,2026-04-29 21:51:11.662634-04
fld_OPT036,field,QUOTE_SPREAD_PCT,field_name,spread_pct,,source_05_option_expression,sync_artifact,quote spread divided by midpoint in quote contexts,2026-04-26 21:55:13.803407-04,2026-04-29 21:51:11.662634-04
fld_K8P3M6QA,field,REGISTRY_ITEM_APPLIES_TO,field_name,applies_to,,trading_registry,sync_artifact,canonical column name for trading_registry.applies_to,2026-04-25 21:10:25.004346-04,2026-04-29 21:51:11.662634-04
fld_R7P1C6LW,field,REGISTRY_ITEM_KEY,field_name,key,,trading_registry,sync_artifact,canonical column name for trading_registry.key,2026-04-25 21:10:25.004346-04,2026-04-29 21:51:11.662634-04
fld_B6J4N8XP,field,REGISTRY_ITEM_PAYLOAD,field_name,payload,,trading_registry,sync_artifact,canonical column name for trading_registry.payload,2026-04-25 21:10:25.004346-04,2026-04-29 21:51:11.662634-04
fld_T9V2H5QS,field,REGISTRY_ITEM_PAYLOAD_FORMAT,field_name,payload_format,,trading_registry,sync_artifact,canonical column name for trading_registry.payload_format,2026-04-25 21:10:25.004346-04,2026-04-29 21:51:11.662634-04
fld_MRM022,field,RISK_STRESS_FACTOR,field_name,risk_stress_factor,,model_01_market_regime;market_context_state,sync_artifact,"Layer 1 MarketRegimeModel V1 market-property factor summarizing risk stress, tail pressure, and fragility.",2026-05-02 03:17:58.449102-04,2026-05-02 03:17:58.449102-04
fld_MRM017,field,SENTIMENT_FACTOR,field_name,sentiment_factor,,model_01_market_regime;market_context_state,sync_artifact,Layer 1 MarketRegimeModel V1 market-property factor summarizing broad sentiment and risk appetite.,2026-05-02 03:17:58.449102-04,2026-05-02 03:17:58.449102-04
fld_PSQTACLK,field,SOURCE_SECRET_ALLOWED_IP_ADDRESS,field_name,allowed_ip_address,,source_secret_file_schema,sync_artifact,canonical JSON key for source-level allowlisted IPv4 address metadata in /root/secrets/<source>.json files,2026-04-26 00:30:55.742542-04,2026-04-29 21:51:11.662634-04
fld_FKGJNUCL,field,SOURCE_SECRET_API_KEY,field_name,api_key,,source_secret_file_schema,sync_artifact,canonical JSON key for source-level API keys in /root/secrets/<source>.json files,2026-04-26 00:23:32.872061-04,2026-04-29 21:51:11.662634-04
fld_U5J2VL7P,field,SOURCE_SECRET_API_KEY_REMARK_NAME,field_name,api_key_remark_name,,source_secret_file_schema,sync_artifact,canonical JSON key for source-level API key remark/name metadata in /root/secrets/<source>.json files,2026-04-26 00:30:55.742542-04,2026-04-29 21:51:11.662634-04
fld_QUP7M43B,field,SOURCE_SECRET_ENDPOINT,field_name,endpoint,,source_secret_file_schema,sync_artifact,canonical JSON key for source-level API endpoints in /root/secrets/<source>.json files,2026-04-26 00:41:00.236263-04,2026-04-29 21:51:11.662634-04
fld_5HL6TP3V,field,SOURCE_SECRET_PASSPHRASE,field_name,passphrase,,source_secret_file_schema,sync_artifact,canonical JSON key for source-level passphrases in /root/secrets/<source>.json files,2026-04-26 00:23:32.872061-04,2026-04-29 21:51:11.662634-04
fld_K7M3G5VB,field,SOURCE_SECRET_PAT,field_name,pat,,source_secret_file_schema,sync_artifact,canonical JSON key for source-level personal access tokens in /root/secrets/<source>.json files,2026-04-26 00:23:32.872061-04,2026-04-29 21:51:11.662634-04
fld_S7A3SCF3,field,SOURCE_SECRET_SECRET_KEY,field_name,secret_key,,source_secret_file_schema,sync_artifact,canonical JSON key for source-level secret keys in /root/secrets/<source>.json files,2026-04-26 00:23:32.872061-04,2026-04-29 21:51:11.662634-04
fld_OPT014,field,TIMEFRAME,field_name,timeframe,,source_01_market_regime;source_03_strategy_selection;source_06_position_execution,sync_artifact,"requested or output time grain such as 1Min, 30Min, or 1Day",2026-04-26 21:55:13.803407-04,2026-04-29 21:51:11.662634-04
fld_MRM012,field,TRANSITION_PRESSURE,field_name,transition_pressure,,model_01_market_regime,sync_artifact,Continuous MarketRegimeModel V1 metric summarizing adjacent-row movement in the current market-property vector.,2026-04-29 22:55:40.327454-04,2026-05-02 03:17:58.448352-04
fld_MRM015,field,TREND_CERTAINTY_FACTOR,field_name,trend_certainty_factor,,model_01_market_regime;market_context_state,sync_artifact,Layer 1 MarketRegimeModel V1 market-property factor summarizing broad trend certainty and persistence.,2026-05-02 03:17:58.449102-04,2026-05-02 03:17:58.449102-04
fld_OPT057,field,UNDERLYING_PRICE,field_name,underlying_price,,source_05_option_expression,sync_artifact,underlying price associated with an option or model context,2026-04-26 21:55:13.803407-04,2026-04-29 21:51:11.662634-04
fld_MRM018,field,VALUATION_PRESSURE_FACTOR,field_name,valuation_pressure_factor,,model_01_market_regime;market_context_state,sync_artifact,Layer 1 MarketRegimeModel V1 market-property factor summarizing valuation and discount-rate pressure.,2026-05-02 03:17:58.449102-04,2026-05-02 03:17:58.449102-04
fld_MRRS001,identity_field,COMBINATION_ID,field_name,combination_id,trading-storage/main/shared/market_regime_relative_strength_combinations.csv,market_regime_relative_strength_combinations;trading-data;market_regime_model,sync_artifact,Stable row identifier for a reviewed relative-strength ETF combination.,2026-04-29 17:28:39.068078-04,2026-04-30 00:14:51.565967-04
fld_MRRS004,identity_field,DENOMINATOR_SYMBOL,field_name,denominator_symbol,trading-storage/main/shared/market_regime_relative_strength_combinations.csv,market_regime_relative_strength_combinations;trading-data;market_regime_model,sync_artifact,ETF symbol used as the denominator of a relative-strength combination.,2026-04-29 17:28:39.068078-04,2026-04-30 00:14:51.565967-04
fld_ETFH005,identity_field,ETF_HOLDING_NAME,field_name,holding_name,,source_02_target_candidate_holdings,sync_artifact,Constituent security name Identity value identifies or names an entity/artifact rather than measuring or locating it.,2026-04-27 16:51:02.179007-04,2026-05-02 22:33:19.295122-04
fld_ETFH004,identity_field,ETF_HOLDING_SYMBOL,field_name,holding_symbol,,source_02_target_candidate_holdings,sync_artifact,Constituent security symbol from issuer-published holdings. Identity value identifies or names an entity/artifact rather than measuring or locating it.,2026-04-27 16:51:02.179007-04,2026-05-02 22:33:19.295122-04
fld_ETFH001,identity_field,ETF_SYMBOL,field_name,etf_symbol,,source_02_target_candidate_holdings,sync_artifact,ETF symbol whose issuer-published holdings are represented. Identity value identifies or names an entity/artifact rather than measuring or locating it.,2026-04-27 16:51:02.179007-04,2026-05-02 22:33:19.295122-04
fld_EVT010,identity_field,EVENT_ID,text,event_id,,source_07_event_overlay,registry_only,"canonical stable event identifier shared across event rows, factors, analysis reports, and option event details Identity value identifies or names an entity/artifact rather than measuring or locating it.",2026-04-27 12:30:45.493818-04,2026-04-29 21:51:11.662634-04
fld_MEU005,identity_field,FUND_NAME,field_name,fund_name,trading-storage/main/shared/market_regime_etf_universe.csv,market_regime_etf_universe,sync_artifact,human-readable fund name Identity value identifies or names an entity/artifact rather than measuring or locating it.,2026-04-28 03:44:05.912602-04,2026-04-29 21:51:11.662634-04
fld_A7K3P2Q9,identity_field,ID,field_name,id,,trading_registry,sync_artifact,canonical id field for registry rows and source/event timeline rows where the concrete column is id Identity value identifies or names an entity/artifact rather than measuring or locating it.,2026-04-25 21:10:25.004346-04,2026-04-29 21:51:11.662634-04
fld_ETFH002,identity_field,ISSUER_NAME,field_name,issuer_name,,market_regime_etf_universe;source_02_target_candidate_holdings,sync_artifact,issuer/source/sponsor display name shared by ETF holdings and curated instrument universes. Identity value identifies or names an entity/artifact rather than measuring or locating it.,2026-04-27 16:51:02.179007-04,2026-05-02 22:33:19.295122-04
fld_MRRS003,identity_field,NUMERATOR_SYMBOL,field_name,numerator_symbol,trading-storage/main/shared/market_regime_relative_strength_combinations.csv,market_regime_relative_strength_combinations;trading-data;market_regime_model,sync_artifact,ETF symbol used as the numerator of a relative-strength combination.,2026-04-29 17:28:39.068078-04,2026-04-30 00:14:51.565967-04
fld_MI6OPT01,identity_field,OPTION_SYMBOL,field_name,option_symbol,,source_05_option_expression;source_06_position_execution,sync_artifact,Identity value: canonical normalized option contract symbol used after contract identity is known or reconstructable,2026-04-28 18:29:23.371007-04,2026-04-29 21:51:11.662634-04
fld_EKIND002,identity_field,SOURCE_NAME,field_name,source_name,,source_07_event_overlay,sync_artifact,provider/source display name for documentation or shared mixed-source payloads. Identity value identifies or names an entity/artifact rather than measuring or locating it.,2026-04-26 15:32:11.226454-04,2026-04-29 21:51:11.662634-04
fld_MKT001,identity_field,SYMBOL,field_name,symbol,,market_regime_etf_universe;source_01_market_regime;source_03_strategy_selection;source_06_position_execution;source_07_event_overlay,sync_artifact,canonical symbol field for tradable instruments and symbol-bearing event/calendar rows Identity value identifies or names an entity/artifact rather than measuring or locating it.,2026-04-26 22:05:26.458649-04,2026-04-29 21:51:11.662634-04
fld_EVT019,identity_field,TITLE,text,title,,source_07_event_overlay,registry_only,canonical short title/headline field for event and article-like rows Identity value identifies or names an entity/artifact rather than measuring or locating it.,2026-04-27 12:30:45.493818-04,2026-04-29 21:51:11.662634-04
fld_MI7EVT05,path_field,EVENT_REFERENCE,field_name,reference,,source_07_event_overlay,sync_artifact,"Path value: primary locator for event details; may be a web URL, SEC file path, or internal artifact path",2026-04-28 18:29:23.371007-04,2026-04-29 21:51:11.662634-04
fld_M7Q2P8TZ,path_field,REGISTRY_ITEM_PATH,field_name,registry_item_path,,trading_registry,sync_artifact,"canonical path/locator field for trading_registry.path. Path value locates or references an artifact, file, URL, source reference, output reference, or repository path.",2026-04-25 21:10:25.004346-04,2026-04-29 21:51:11.662634-04
plf_KTDMGHCN,payload_format,PAYLOAD_FORMAT_BOOLEAN,text,boolean,,trading_registry.payload_format,sync_artifact,registered payload_format value for boolean payload values encoded as true or false,2026-04-25 23:25:13.450998-04,2026-04-29 21:51:11.662634-04
plf_T4YVVZPG,payload_format,PAYLOAD_FORMAT_COMMAND,text,command,,trading_registry.payload_format,sync_artifact,registered payload_format value for command or command fragment payloads,2026-04-25 23:25:13.450998-04,2026-04-29 21:51:11.662634-04
plf_TY63EANP,payload_format,PAYLOAD_FORMAT_DECIMAL,text,decimal,,trading_registry.payload_format,sync_artifact,registered payload_format value for decimal numeric payload values encoded as text,2026-04-25 23:25:13.450998-04,2026-04-29 21:51:11.662634-04
plf_3FMXRPA6,payload_format,PAYLOAD_FORMAT_FIELD_NAME,text,field_name,,trading_registry.payload_format,sync_artifact,registered payload_format value for canonical field names,2026-04-25 23:25:13.450998-04,2026-04-29 21:51:11.662634-04
plf_AW2KVDIF,payload_format,PAYLOAD_FORMAT_FILE,text,file,,trading_registry.payload_format,sync_artifact,registered payload_format value for file references stored in payload,2026-04-25 23:25:13.450998-04,2026-04-29 21:51:11.662634-04
plf_DLKTPVQW,payload_format,PAYLOAD_FORMAT_INTEGER,text,integer,,trading_registry.payload_format,sync_artifact,registered payload_format value for base-10 integer payload values encoded as text,2026-04-25 23:25:13.450998-04,2026-04-29 21:51:11.662634-04
plf_WJUDWYRD,payload_format,PAYLOAD_FORMAT_IPV4_ADDRESS,text,ipv4_address,,trading_registry.payload_format,sync_artifact,registered payload_format value for IPv4 address strings,2026-04-26 00:10:06.859068-04,2026-04-29 21:51:11.662634-04
plf_TIZBJLD3,payload_format,PAYLOAD_FORMAT_ISO_DATE,text,iso_date,,trading_registry.payload_format,sync_artifact,registered payload_format value for ISO 8601 calendar dates,2026-04-25 23:25:13.450998-04,2026-04-29 21:51:11.662634-04
plf_GS5ZANQM,payload_format,PAYLOAD_FORMAT_ISO_DATETIME,text,iso_datetime,,trading_registry.payload_format,sync_artifact,registered payload_format value for ISO 8601 date-time values,2026-04-25 23:25:13.450998-04,2026-04-29 21:51:11.662634-04
plf_3GLJMFRO,payload_format,PAYLOAD_FORMAT_ISO_DURATION,text,iso_duration,,trading_registry.payload_format,sync_artifact,registered payload_format value for ISO 8601 duration values,2026-04-25 23:25:13.450998-04,2026-04-29 21:51:11.662634-04
plf_RKXXANMZ,payload_format,PAYLOAD_FORMAT_ISO_TIME,text,iso_time,,trading_registry.payload_format,sync_artifact,registered payload_format value for ISO 8601 time-of-day values,2026-04-25 23:25:13.450998-04,2026-04-29 21:51:11.662634-04
plf_CITUC2LR,payload_format,PAYLOAD_FORMAT_JSON,text,json,,trading_registry.payload_format,sync_artifact,registered payload_format value for JSON-encoded payload values,2026-04-25 23:25:13.450998-04,2026-04-29 21:51:11.662634-04
plf_SBKQNAFE,payload_format,PAYLOAD_FORMAT_PYTHON_SYMBOL,text,python_symbol,,trading_registry.payload_format,sync_artifact,registered payload_format value for Python import/member symbols,2026-04-25 23:25:13.450998-04,2026-04-29 21:51:11.662634-04
plf_S2WDROG7,payload_format,PAYLOAD_FORMAT_REPO_NAME,text,repo_name,,trading_registry.payload_format,sync_artifact,registered payload_format value for Git repository names,2026-04-25 23:25:13.450998-04,2026-04-29 21:51:11.662634-04
plf_6DRICAYQ,payload_format,PAYLOAD_FORMAT_SECRET_ALIAS,text,secret_alias,,trading_registry.payload_format,sync_artifact,registered payload_format value for local secret alias references,2026-04-25 23:25:13.450998-04,2026-04-29 21:51:11.662634-04
plf_6FYQDFNX,payload_format,PAYLOAD_FORMAT_STATUS_VALUE,text,status_value,,trading_registry.payload_format,sync_artifact,registered payload_format value for registered status or outcome values,2026-04-25 23:25:13.450998-04,2026-04-29 21:51:11.662634-04
plf_KZS4GHGK,payload_format,PAYLOAD_FORMAT_TEXT,text,text,,trading_registry.payload_format,sync_artifact,registered payload_format value for general text fallback when no narrower format applies,2026-04-25 23:25:13.450998-04,2026-04-29 21:51:11.662634-04
plf_IDTPAWNN,payload_format,PAYLOAD_FORMAT_TIMEZONE,text,timezone,,trading_registry.payload_format,sync_artifact,registered payload_format value for IANA timezone names,2026-04-25 23:25:13.450998-04,2026-04-29 21:51:11.662634-04
trm_EOC5GSA5,provider,ALPACA,text,alpaca,https://docs.alpaca.markets/,trading-data;01_feed_alpaca_bars;02_feed_alpaca_liquidity;03_feed_alpaca_news,registry_only,provider/feed-owner identity for Alpaca brokerage and market-data APIs; endpoint and record-family capabilities are registered separately as feed_capability rows,2026-04-26 00:41:00.236263-04,2026-04-30 00:14:51.565967-04
trm_GDELT001,provider,GDELT,text,gdelt,https://www.gdeltproject.org/,trading-data;05_feed_gdelt_news,review_on_merge,provider/feed-owner identity for The GDELT Project; GKG and other record-family capabilities belong in feed_capability rows,2026-04-27 13:20:47.427999-04,2026-04-30 00:14:51.565967-04
trm_C4BJ2YGX,provider,OKX,text,okx,https://www.okx.com/docs-v5/en/,trading-data;04_feed_okx_crypto_market_data,registry_only,provider/feed-owner identity for OKX cryptocurrency exchange/API; market-data endpoint capabilities belong in feed_capability rows,2026-04-26 00:10:06.859068-04,2026-04-30 00:14:51.565967-04
trm_OIF1JM3D,provider,SEC_EDGAR,text,sec_edgar,https://www.sec.gov/search-filings/edgar-application-programming-interfaces,trading-data;08_feed_sec_company_financials,registry_only,"authoritative provider/source surface for SEC EDGAR APIs and filings; companyfacts, submissions, XBRL frames, and filing document capabilities are feed_capability rows",2026-04-26 10:52:39.392105-04,2026-04-30 00:14:51.565967-04
trm_NRG6N2KE,provider,THETADATA,text,thetadata,https://http-docs.thetadata.us/,trading-data;10_feed_thetadata_option_primary_tracking;09_feed_thetadata_option_selection_snapshot;11_feed_thetadata_option_event_timeline,registry_only,provider/feed-owner identity for ThetaData options market data; option endpoint and record-family capabilities are feed_capability rows,2026-04-26 00:48:26.86322-04,2026-04-30 00:14:51.565967-04
trm_TECALWEB,provider,TRADING_ECONOMICS,text,trading_economics,https://tradingeconomics.com/united-states/calendar,trading-data;07_feed_trading_economics_calendar_web,sync_artifact,provider/feed-owner identity for Trading Economics; the visible calendar page capability is registered separately as feed_capability,2026-04-27 16:51:02.179007-04,2026-04-30 00:14:51.565967-04
rep_PONBF8ZN,repo,TRADING_DASHBOARD_REPO,repo_name,trading-dashboard,/root/projects/trading-dashboard,docs/01_context.md#component-repositories,registry_only,canonical repository entry for the trading dashboard/UI component; remote: https://github.com/gilmore307/trading-dashboard.git,2026-04-25 21:21:08.177594-04,2026-04-29 21:51:11.662634-04
rep_QFYSFJG9,repo,TRADING_DATA_REPO,repo_name,trading-data,/root/projects/trading-data,docs/01_context.md#component-repositories,registry_only,"Canonical repository entry for the unified trading data-production component. Owns provider feed adapters, model-scoped source tables, and deterministic point-in-time feature tables; remote: https://github.com/gilmore307/trading-data.git",2026-04-25 21:21:08.177594-04,2026-04-30 00:14:51.563819-04
rep_CNPLR48M,repo,TRADING_EXECUTION_REPO,repo_name,trading-execution,/root/projects/trading-execution,docs/01_context.md#component-repositories,registry_only,canonical repository entry for the trading execution runtime component; remote: https://github.com/gilmore307/trading-execution.git,2026-04-25 21:21:08.177594-04,2026-04-29 21:51:11.662634-04
rep_H6S3V8LA,repo,TRADING_MANAGER_REPO,repo_name,trading-manager,/root/projects/trading-manager,docs/01_context.md#component-repositories,registry_only,"Canonical repository entry for the trading-manager platform and control-plane repository. Owns system architecture, contracts, registry, templates, shared helpers, request/lifecycle orchestration policy, and promotion coordination; remote: https://github.com/gilmore307/trading-manager.git",2026-04-25 21:10:25.004346-04,2026-04-30 00:53:31.420576-04
rep_LDEBL6IJ,repo,TRADING_MODEL_REPO,repo_name,trading-model,/root/projects/trading-model,docs/01_context.md#component-repositories,registry_only,canonical repository entry for the trading offline model research component; remote: https://github.com/gilmore307/trading-model.git,2026-04-25 21:21:08.177594-04,2026-04-29 21:51:11.662634-04
rep_KE3K0EGP,repo,TRADING_STORAGE_REPO,repo_name,trading-storage,/root/projects/trading-storage,docs/01_context.md#component-repositories,registry_only,canonical repository entry for the trading shared persistence contract component; remote: https://github.com/gilmore307/trading-storage.git,2026-04-25 21:21:08.177594-04,2026-04-29 21:51:11.662634-04
scr_F1MRGEN,script,FEATURE_01_MARKET_REGIME_GENERATE,command,python3 scripts/generate_feature_01_market_regime.py,/root/projects/trading-data/scripts/generate_feature_01_market_regime.py,trading-data;market_regime_model;feature_01_market_regime;source_01_market_regime,sync_artifact,Stable callable entrypoint for generating Layer 1 MarketRegimeModel deterministic feature rows from accepted source_01_market_regime evidence.,2026-05-03 10:38:39.931867-04,2026-05-03 10:38:39.931867-04
scr_F2SCGEN,script,FEATURE_02_SECTOR_CONTEXT_GENERATE,command,python3 scripts/generate_feature_02_sector_context.py,/root/projects/trading-data/scripts/generate_feature_02_sector_context.py,trading-data;sector_context_model;feature_02_sector_context;source_01_market_regime,sync_artifact,Stable callable entrypoint for generating Layer 2 SectorContextModel deterministic feature rows. The wrapper calls the importable feature_02_sector_context SQL implementation.,2026-05-03 10:38:39.931867-04,2026-05-03 10:38:39.931867-04
scr_F3SVSIM,script,FEATURE_03_STRATEGY_VARIANT_SIMULATION_GENERATE,command,python3 scripts/generate_feature_03_strategy_variant_simulation.py,/root/projects/trading-data/scripts/generate_feature_03_strategy_variant_simulation.py,trading-data;trading-manager;trading-model;feature_03_strategy_variant_simulation;model_03_strategy_selection,sync_artifact,Stable callable entrypoint for manager-requested Layer 3 deterministic strategy variant simulation. The wrapper calls the importable feature_03_strategy_variant_simulation SQL implementation and writes simulation features for downstream StrategySelectionModel oracle/lifecycle review.,2026-05-04 09:48:01.698653-04,2026-05-04 09:48:01.698653-04
scr_BQHELPER1,script,HELPER_BIGQUERY_REST_QUERY,text,trading_bigquery.bigquery_query,/root/projects/trading-manager/src/trading_bigquery/client.py,trading-manager;trading-data;05_feed_gdelt_news,sync_artifact,official shared Python helper for dependency-light BigQuery Standard SQL queries using registry-backed service-account JSON secrets; intended first consumer is GDELT BigQuery acquisition Helper key normalized 2026-04-29 to HELPER_<domain>_<action> ordering.,2026-04-27 13:24:09.625763-04,2026-04-30 00:53:31.42278-04
out_BRAVESEARCHHELPER,script,HELPER_BRAVE_SEARCH,file,trading_web_search.brave.BraveSearchClient.search,/root/projects/trading-manager/src/trading_web_search/brave.py,trading-manager;helper_web_search,sync_artifact,shared Python helper for code-level Brave Search API calls using BRAVE_SEARCH_SECRET_ALIAS via trading registry secret resolver Helper key normalized 2026-04-29 to HELPER_<domain>_<action> ordering.,2026-04-27 05:31:08.696833-04,2026-04-30 00:53:31.42278-04
scr_CV8R2M5J,script,HELPER_REGISTRY_EXPORT_CURRENT_CSV,command,scripts/registry/apply_registry_migrations.py --export-only,/root/projects/trading-manager/scripts/registry/apply_registry_migrations.py,scripts/registry/current.csv,sync_artifact,Exports the SQL-backed registry table to scripts/registry/current.csv for GitHub-visible review.,2026-04-25 21:10:25.004346-04,2026-05-03 02:42:39.364665-04
scr_GK1D8P4Q,script,HELPER_REGISTRY_GET_KEY_BY_ID,python_symbol,RegistryReader.get_key_by_id,/root/projects/trading-manager/src/trading_registry/reader.py,src/trading_registry,sync_artifact,official Python runtime helper that returns a registry item key or null by stable id Helper key normalized 2026-04-29 to HELPER_<domain>_<action> ordering.,2026-04-25 21:10:25.004346-04,2026-04-30 00:53:31.42278-04
scr_GH6V3T8N,script,HELPER_REGISTRY_GET_PATH_BY_ID,python_symbol,RegistryReader.get_path_by_id,/root/projects/trading-manager/src/trading_registry/reader.py,src/trading_registry,sync_artifact,official Python runtime helper that returns a registry item path or null by stable id Helper key normalized 2026-04-29 to HELPER_<domain>_<action> ordering.,2026-04-25 21:10:25.004346-04,2026-04-30 00:53:31.42278-04
scr_GP2L7M9A,script,HELPER_REGISTRY_GET_PAYLOAD_BY_ID,python_symbol,RegistryReader.get_payload_by_id,/root/projects/trading-manager/src/trading_registry/reader.py,src/trading_registry,sync_artifact,official Python runtime helper that returns a registry item payload or null by stable id Helper key normalized 2026-04-29 to HELPER_<domain>_<action> ordering.,2026-04-25 21:10:25.004346-04,2026-04-30 00:53:31.42278-04
scr_LS5Q2K7W,script,HELPER_REGISTRY_LOAD_SECRET_TEXT_BY_CONFIG_ID,python_symbol,SecretResolver.load_secret_text_by_config_id,/root/projects/trading-manager/src/trading_registry/secret_resolver.py,src/trading_registry;source_secret_file_schema,sync_artifact,official Python runtime helper that resolves a source-level JSON secret alias by stable config id and returns either the raw JSON text or one named JSON field value Helper key normalized 2026-04-29 to HELPER_<domain>_<action> ordering.,2026-04-25 21:10:25.004346-04,2026-04-30 00:53:31.42278-04
scr_MRMSMOKE,script,MODEL_01_MARKET_REGIME_DEVELOPMENT_SMOKE,command,python3 scripts/models/model_01_market_regime/run_market_regime_development_smoke.py,/root/projects/trading-model/scripts/models/model_01_market_regime/run_market_regime_development_smoke.py,trading-model;market_regime_model;model_01_market_regime;development_smoke;model_evaluation,sync_artifact,Stable callable development smoke entrypoint for the Layer 1 source-to-feature-to-model-to-evaluation path. It calls no providers and cleans development tables by default.,2026-05-03 10:38:39.931867-04,2026-05-03 10:38:39.931867-04
scr_MRMEVAL1,script,MODEL_01_MARKET_REGIME_EVALUATE_PROMOTION_EVIDENCE,command,python3 scripts/models/model_01_market_regime/evaluate_model_01_market_regime.py,/root/projects/trading-model/scripts/models/model_01_market_regime/evaluate_model_01_market_regime.py,trading-model;market_regime_model;model_01_market_regime;model_evaluation;model_promotion,sync_artifact,Stable callable entrypoint for MarketRegimeModel evaluation and promotion evidence generation. Default path is fixture/local dry-run; --from-database is read-only and produces real-data promotion evidence without writing governance rows.,2026-05-03 09:41:43.141593-04,2026-05-03 09:41:43.141593-04
scr_MRMGEN1,script,MODEL_01_MARKET_REGIME_GENERATE,command,python3 scripts/models/model_01_market_regime/generate_model_01_market_regime.py,/root/projects/trading-model/scripts/models/model_01_market_regime/generate_model_01_market_regime.py,trading-model;market_regime_model;model_01_market_regime;feature_01_market_regime,sync_artifact,Stable callable entrypoint for generating primary MarketRegimeModel output rows and support artifacts from feature_01_market_regime rows.,2026-05-03 10:38:39.931867-04,2026-05-03 10:38:39.931867-04
scr_MRMREVIEW,script,MODEL_01_MARKET_REGIME_REVIEW_PROMOTION,command,python3 scripts/models/model_01_market_regime/review_market_regime_promotion.py,/root/projects/trading-model/scripts/models/model_01_market_regime/review_market_regime_promotion.py,trading-model;market_regime_model;model_01_market_regime;model_promotion;promotion_review,sync_artifact,Stable callable entrypoint for MarketRegimeModel promotion review. Review-only by default; reviewed decisions may be persisted with --write-decision and accepted approvals may activate a config only with --activate-approved-config.,2026-05-03 09:41:43.141593-04,2026-05-03 09:41:43.141593-04
scr_SCMEVAL1,script,MODEL_02_SECTOR_CONTEXT_EVALUATE_PROMOTION_EVIDENCE,command,python3 scripts/models/model_02_sector_context/evaluate_model_02_sector_context.py,/root/projects/trading-model/scripts/models/model_02_sector_context/evaluate_model_02_sector_context.py,trading-model;sector_context_model;model_02_sector_context;model_evaluation;model_promotion,sync_artifact,Stable callable entrypoint for SectorContextModel evaluation and promotion evidence generation. Default path is fixture/local dry-run; --from-database is read-only and produces real-data promotion evidence without writing governance rows.,2026-05-03 09:41:43.141593-04,2026-05-03 09:41:43.141593-04
scr_SCMGEN1,script,MODEL_02_SECTOR_CONTEXT_GENERATE,command,python3 scripts/models/model_02_sector_context/generate_model_02_sector_context.py,/root/projects/trading-model/scripts/models/model_02_sector_context/generate_model_02_sector_context.py,trading-model;sector_context_model;model_02_sector_context;feature_02_sector_context;model_01_market_regime,sync_artifact,Stable callable entrypoint for generating primary SectorContextModel output rows and support artifacts from feature_02_sector_context rows plus market-regime context.,2026-05-03 10:38:39.931867-04,2026-05-03 10:38:39.931867-04
scr_SCMREVIEW,script,MODEL_02_SECTOR_CONTEXT_REVIEW_PROMOTION,command,python3 scripts/models/model_02_sector_context/review_sector_context_promotion.py,/root/projects/trading-model/scripts/models/model_02_sector_context/review_sector_context_promotion.py,trading-model;sector_context_model;model_02_sector_context;model_promotion;promotion_review,sync_artifact,Stable callable entrypoint for SectorContextModel promotion review. Review-only by default; local fallback is conservative and defers fixture/dry-run evidence; reviewed decisions may be persisted with --write-decision.,2026-05-03 09:41:43.141593-04,2026-05-03 09:41:43.141593-04
out_MKTETFUNI,shared_artifact,MARKET_REGIME_ETF_UNIVERSE_SHARED_CSV,file,trading-storage/main/shared/market_regime_etf_universe.csv,/root/projects/trading-storage/main/shared/market_regime_etf_universe.csv,trading-storage;trading-data;trading-model;market_regime_model;sector_context_model,sync_artifact,"Shared curated ETF universe used for market-regime state, sector/industry/theme observation, and security-selection holdings scope. market_state_etf rows are Layer 1 regime/bar instruments; only sector_observation_etf rows require holdings analysis for Layer 2 security-selection exposure. The bar_grain column is the intended source observation granularity.",2026-04-28 03:44:05.912602-04,2026-05-02 22:33:19.296269-04
out_MRRS001,shared_artifact,MARKET_REGIME_RELATIVE_STRENGTH_COMBINATIONS_SHARED_CSV,file,trading-storage/main/shared/market_regime_relative_strength_combinations.csv,/root/projects/trading-storage/main/shared/market_regime_relative_strength_combinations.csv,trading-storage;trading-data;trading-model;market_regime_model;source_01_market_regime,sync_artifact,"Curated Layer 1 V1 relative-strength combination table for MarketRegimeModel feature definitions. Rows define numerator/denominator ETF pairs, source bar grains, feature_bar_grain, combination_type, and interpretation; the file scope already fixes the feature family as relative strength.",2026-04-29 16:50:49.380922-04,2026-04-30 00:15:21.464182-04
asp_R4K8M2QJ,status_value,ARTIFACT_SYNC_POLICY_TYPE_REGISTRY_ONLY,status_value,registry_only,,artifact_sync_policy_type,sync_artifact,registry row edits normally do not require code/template/docs artifact follow-up when durable consumers use stable ids and no row is merged or deleted,2026-04-27 01:08:42.574835-04,2026-04-29 21:51:11.662634-04
asp_K2M8P5LD,status_value,ARTIFACT_SYNC_POLICY_TYPE_REVIEW_ON_MERGE,status_value,review_on_merge,,artifact_sync_policy_type,sync_artifact,"registry row edits may be registry-only for simple label changes but require downstream review when merged, deleted, or semantically repurposed",2026-04-27 01:08:42.574835-04,2026-04-29 21:51:11.662634-04
asp_Z7N3Q9TV,status_value,ARTIFACT_SYNC_POLICY_TYPE_SYNC_ARTIFACT,status_value,sync_artifact,,artifact_sync_policy_type,sync_artifact,registry row edits must be followed by matching code/template/docs artifact updates before acceptance,2026-04-27 01:08:42.574835-04,2026-04-29 21:51:11.662634-04
fld_ETFH003,temporal_field,AS_OF_DATE,field_name,as_of_date,,source_02_target_candidate_holdings,sync_artifact,canonical as-of date field for point-in-time data snapshots and derived exposures Temporal value format: ISO 8601; dates use YYYY-MM-DD and datetimes/times include explicit timezone or ET suffix semantics.,2026-04-27 16:51:02.179007-04,2026-05-02 22:33:19.295122-04
fld_OPT013,temporal_field,DATA_TIMESTAMP,field_name,timestamp,,source_01_market_regime;source_03_strategy_selection;source_06_position_execution,sync_artifact,canonical timestamp shared by final bar outputs and nested quote/snapshot contexts. Temporal value format: ISO 8601; normalized final outputs use America/New_York semantics unless explicitly reviewed otherwise.,2026-04-26 21:55:13.803407-04,2026-04-29 21:51:11.662634-04
fld_EVT013,temporal_field,EVENT_TIME,field_name,event_time,,source_07_event_overlay,registry_only,"canonical source publication, detection, or calendar event timestamp normalized for model use. Temporal value format: ISO 8601; normalized final outputs use America/New_York semantics unless explicitly reviewed otherwise.",2026-04-27 12:30:45.493818-04,2026-04-29 21:51:11.662634-04
fld_OPT002,temporal_field,OPTION_EXPIRATION,field_name,expiration,,source_05_option_expression;source_06_position_execution,sync_artifact,option contract expiration date Temporal value format: ISO 8601; dates use YYYY-MM-DD and datetimes/times include explicit timezone or ET suffix semantics.,2026-04-26 21:55:13.803407-04,2026-04-29 21:51:11.662634-04
fld_P8L2C4TY,temporal_field,REGISTRY_ITEM_CREATED_AT,field_name,created_at,,trading_registry,sync_artifact,canonical created-at timestamp field shared by registry rows and event/detail templates. Temporal value format: ISO 8601 with explicit timezone semantics when a datetime is emitted.,2026-04-25 21:10:25.004346-04,2026-04-29 21:51:11.662634-04
fld_Q5F9M2NZ,temporal_field,REGISTRY_ITEM_UPDATED_AT,field_name,updated_at,,trading_registry,sync_artifact,canonical updated-at timestamp field shared by registry rows and event/detail templates. Temporal value format: ISO 8601 with explicit timezone semantics when a datetime is emitted.,2026-04-25 21:10:25.004346-04,2026-04-29 21:51:11.662634-04
fld_OPT005,temporal_field,SNAPSHOT_TIME,field_name,snapshot_time,,source_05_option_expression;feature_01_market_regime;trading-data;market_regime_model,sync_artifact,Point-in-time snapshot timestamp. Used by option-expression source snapshots and by the Layer 1 MarketRegimeModel feature table. Temporal value format: ISO 8601; normalized final outputs use America/New_York semantics unless explicitly reviewed otherwise.,2026-04-26 21:55:13.803407-04,2026-04-30 00:15:21.464182-04
fld_STKEX011,temporal_field,STOCK_ETF_AVAILABLE_TIME,field_name,available_time,,source_07_event_overlay;source_02_target_candidate_holdings,sync_artifact,earliest timestamp when this exposure row is available for model use. Temporal value format: ISO 8601; normalized final outputs use America/New_York semantics unless explicitly reviewed otherwise.,2026-04-28 00:44:02.799166-04,2026-05-02 22:33:19.295122-04
fld_OPT058,temporal_field,UNDERLYING_TIMESTAMP,field_name,underlying_timestamp,,source_05_option_expression,sync_artifact,underlying price timestamp. Temporal value format: ISO 8601; normalized final outputs use America/New_York semantics unless explicitly reviewed otherwise.,2026-04-26 21:55:13.803407-04,2026-04-29 21:51:11.662634-04
trm_ATCB001,term,ANONYMOUS_TARGET_CANDIDATE_BUILDER,text,anonymous_target_candidate_builder,trading-model/src/models/model_03_strategy_selection/anonymous_target_candidate_builder/target_candidate_builder_contract.md,trading-model;trading-data;sector_context_model;model_03_strategy_selection;strategy_selection_model,registry_only,Layer 3 candidate-preparation sub-boundary inside the StrategySelectionModel package. It expands selected/prioritized sector or industry baskets from SectorContextModel into anonymous target candidates while keeping real ticker/company identity in audit/routing metadata outside model-facing fitting vectors.,2026-05-02 23:02:56.230747-04,2026-05-03 22:07:04.228272-04
trm_ATF001,term,ANONYMOUS_TARGET_FEATURE_VECTOR,text,anonymous_target_feature_vector,trading-model/docs/90_system_model_architecture_rfc.md,trading-model;model_03_strategy_selection;strategy_selection_model;anonymous_target_candidate_builder,registry_only,"Model-facing target candidate feature vector that excludes ticker/company identity and carries behavior, liquidity, market, sector, event, risk, and cost context.",2026-05-02 03:17:58.449633-04,2026-05-03 22:07:04.229895-04
trm_RXUP2T7D,term,CODEX,text,Coding executor used for bounded implementation tasks under OpenClaw supervision.,,,registry_only,canonical shared definition for Codex in this workspace,2026-04-25 21:10:25.004346-04,2026-04-29 21:51:11.662634-04
dki_H1NIJOXE,term,ETF_CONSTITUENT_WEIGHT,text,etf_constituent_weight,,06_feed_etf_holdings,review_on_merge,ETF constituent weight/proportion value Registry cleanup 2026-04-28: restored from deleted data_kind history as term; not an active final saved data_kind.,2026-04-28 04:58:26.898545-04,2026-04-29 21:51:11.662634-04
dki_LU1O02ID,term,ETF_FUND_METADATA,text,etf_fund_metadata,,06_feed_etf_holdings,review_on_merge,ETF issuer fund metadata used with holdings files Registry cleanup 2026-04-28: restored from deleted data_kind history as term; not an active final saved data_kind.,2026-04-28 04:58:26.898545-04,2026-04-29 21:51:11.662634-04
dki_YDPFX3FL,term,ETF_HOLDING,text,etf_holding,,06_feed_etf_holdings,review_on_merge,ETF issuer-published constituent holding row Registry cleanup 2026-04-28: restored from deleted data_kind history as term; not an active final saved data_kind.,2026-04-28 04:58:26.898545-04,2026-04-29 21:51:11.662634-04
trm_WMIVZRL2,term,GITHUB,text,GitHub code hosting reference,,git_operations,registry_only,code-hosting platform reference for repository operations; not a trading-data/source-interface provider row,2026-04-26 00:23:32.872061-04,2026-04-30 00:14:51.565967-04
trm_MBKALOPT,term,HISTORICAL_DATA_ACQUISITION,text,Historical-only data acquisition scope for trading-data; realtime market data belongs to trading-execution unless later re-scoped by contract,,trading-data,registry_only,scope boundary term; prevents source connector scripts from drifting into realtime execution behavior,2026-04-26 02:29:51.139366-04,2026-04-30 00:15:07.847015-04
trm_MCS001,term,MARKET_CONTEXT_STATE,text,market_context_state,trading-model/docs/90_system_model_architecture_rfc.md,trading-model;market_regime_model;model_01_market_regime,registry_only,"Conceptual Layer 1 downstream state wrapping the current MarketRegimeModel market-property factors. It is context only, not sector/ETF/stock ranking.",2026-05-02 03:17:58.449633-04,2026-05-03 08:14:29.419879-04
dki_MRMV001,term,MODEL_01_MARKET_REGIME,text,model_01_market_regime,trading-model/docs/90_system_model_architecture_rfc.md,trading-model;trading-data;market_regime_model;feature_01_market_regime,registry_only,"Accepted Layer 1 MarketRegimeModel V1 model-output term for the continuous market-property vector written to trading_model.model_01_market_regime and consumed conceptually as market_context_state. V1 does not rank sectors, ETFs, stocks, or strategies and does not require clustering or hard regime labels.",2026-04-29 22:55:40.326395-04,2026-05-03 08:14:29.419879-04
trm_MRMDIAG,term,MODEL_01_MARKET_REGIME_DIAGNOSTICS,text,model_01_market_regime_diagnostics,trading-model/docs/02_layer_01_market_regime.md,trading-model;market_regime_model;model_01_market_regime,registry_only,"Accepted Layer 1 MarketRegimeModel diagnostics artifact/table name. Owns acceptance, monitoring, and gating evidence such as freshness, missingness, minimum-history, standardization, feature coverage, stability, baseline comparison, downstream usefulness, and no-future-leak checks.",2026-05-03 03:15:44.446323-04,2026-05-03 08:14:29.419879-04
trm_MRMEXPL,term,MODEL_01_MARKET_REGIME_EXPLAINABILITY,text,model_01_market_regime_explainability,trading-model/docs/02_layer_01_market_regime.md,trading-model;market_regime_model;model_01_market_regime,registry_only,"Accepted Layer 1 MarketRegimeModel explainability artifact/table name. Owns human-review detail such as factor attribution, source feature contributions, bucket-level scores, evidence-role references, config/factor-spec references, and accepted reason-code detail; downstream layers should not hard-depend on this artifact.",2026-05-03 03:15:44.446323-04,2026-05-03 08:14:29.419879-04
trm_M2S001,term,MODEL_02_SECTOR_CONTEXT,text,model_02_sector_context,trading-model/docs/03_layer_02_sector_context.md,trading-model;sector_context_model;feature_02_sector_context,registry_only,Accepted Layer 2 SectorContextModel model-output term for sector_context_state; primary physical output table is trading_model.model_02_sector_context. Support artifacts hold explainability and diagnostics evidence and should not become hard downstream prediction dependencies without a later reviewed promotion decision.,2026-05-02 03:17:58.449633-04,2026-05-03 08:35:55.371709-04
trm_SCMDIAG,term,MODEL_02_SECTOR_CONTEXT_DIAGNOSTICS,text,model_02_sector_context_diagnostics,trading-model/docs/03_layer_02_sector_context.md,trading-model;sector_context_model;model_02_sector_context,registry_only,"Accepted Layer 2 SectorContextModel diagnostics artifact/table name. Owns acceptance, monitoring, and gating evidence such as tradability, event/gap/volatility/correlation stress, freshness, missingness, baseline comparison, refit stability, and no-future-leak checks.",2026-05-03 08:35:55.373284-04,2026-05-03 08:35:55.373284-04
trm_SCMEXPL,term,MODEL_02_SECTOR_CONTEXT_EXPLAINABILITY,text,model_02_sector_context_explainability,trading-model/docs/03_layer_02_sector_context.md,trading-model;sector_context_model;model_02_sector_context,registry_only,"Accepted Layer 2 SectorContextModel explainability artifact/table name. Owns human-review behavior internals, inferred attributes, conditional behavior, contributing evidence, and reason-code detail; downstream production logic should not hard-depend on this artifact.",2026-05-03 08:35:55.373284-04,2026-05-03 08:35:55.373284-04
trm_MDPROM001,term,MODEL_CONFIG_VERSION_TABLE,text,model_config_version,trading-model/docs/81_decision.md,trading-model;model_governance;model_promotion;model_config_version,registry_only,Accepted generic trading_model governance table name for model configuration versions. Config versions are evidence inputs for promotion candidates; concrete columns are intentionally not registered yet.,2026-04-30 02:23:25.061915-04,2026-05-03 08:14:29.419879-04
trm_MDGOV001,term,MODEL_DATASET_REQUEST_TABLE,text,model_dataset_request,trading-model/docs/81_decision.md,trading-model;trading-manager;model_governance;model_data_request,registry_only,Accepted generic trading_model governance table name for model-originated data coverage requests. The table records required source/derived data windows such as required_data_start_time and required_data_end_time; model-local label horizons and split rules are intentionally outside the control-plane-facing request contract.,2026-04-29 23:57:15.734562-04,2026-05-03 08:14:29.419879-04
trm_MDGOV002,term,MODEL_DATASET_SNAPSHOT_TABLE,text,model_dataset_snapshot,trading-model/docs/81_decision.md,trading-model;model_governance;model_dataset_snapshot,registry_only,Accepted generic trading_model governance table name for freezing the data/config version used by an evaluation or model comparison. Concrete columns are intentionally not registered yet.,2026-04-29 23:57:15.734562-04,2026-05-03 08:14:29.419879-04
trm_MDGOV003,term,MODEL_DATASET_SPLIT_TABLE,text,model_dataset_split,trading-model/docs/81_decision.md,trading-model;model_governance;model_dataset_split,registry_only,Accepted generic trading_model governance table name for train/validation/test/holdout split windows attached to a dataset snapshot. Concrete columns are intentionally not registered yet.,2026-04-29 23:57:15.734562-04,2026-05-03 08:14:29.419879-04
trm_MDGOV004,term,MODEL_EVAL_LABEL_TABLE,text,model_eval_label,trading-model/docs/81_decision.md,trading-model;model_governance;model_evaluation,registry_only,"Accepted generic trading_model governance table name for model-owned evaluation labels. Label horizons, targets, and label construction rules are model semantics, not control-plane-facing data request fields. Concrete columns are intentionally not registered yet.",2026-04-29 23:57:15.734562-04,2026-05-03 08:14:29.419879-04
trm_MDGOV005,term,MODEL_EVAL_RUN_TABLE,text,model_eval_run,trading-model/docs/81_decision.md,trading-model;model_governance;model_evaluation,registry_only,Accepted generic trading_model governance table name for evaluation run metadata across model layers. Concrete columns are intentionally not registered yet.,2026-04-29 23:57:15.734562-04,2026-05-03 08:14:29.419879-04
trm_MDPROM005,term,MODEL_PROMOTION_ACTIVATION_TABLE,text,model_promotion_activation,trading-model/docs/81_decision.md,trading-model;model_governance;model_promotion;model_activation,registry_only,Accepted generic trading_model governance table name for immutable activation events that record actual model configuration replacement after an accepted promotion decision. Concrete columns are intentionally not registered yet.,2026-05-03 06:23:40.662137-04,2026-05-03 08:14:29.419879-04
trm_MDPROM002,term,MODEL_PROMOTION_CANDIDATE_TABLE,text,model_promotion_candidate,trading-model/docs/81_decision.md,trading-model;model_governance;model_promotion;model_evaluation,registry_only,Accepted generic trading_model governance table name for promotion candidates. Candidates must reference an evaluation run and a model config version before any decision can be recorded; concrete columns are intentionally not registered yet.,2026-04-30 02:23:25.061915-04,2026-05-03 08:14:29.419879-04
trm_MDPROM003,term,MODEL_PROMOTION_DECISION_TABLE,text,model_promotion_decision,trading-model/docs/81_decision.md,trading-model;model_governance;model_promotion,registry_only,"Accepted generic trading_model governance table name for approve, reject, defer, or related promotion decisions. Concrete columns are intentionally not registered yet.",2026-04-30 02:23:25.061915-04,2026-05-03 08:14:29.419879-04
trm_MDGOV006,term,MODEL_PROMOTION_METRIC_TABLE,text,model_promotion_metric,trading-model/docs/81_decision.md,trading-model;model_governance;model_evaluation;model_promotion,registry_only,"Accepted generic trading_model governance table name for promotion evidence metrics across model layers, factors, targets, horizons, and dataset splits. Concrete columns are intentionally not registered yet.",2026-04-29 23:57:15.734562-04,2026-05-03 08:14:29.419879-04
trm_MDPROM004,term,MODEL_PROMOTION_ROLLBACK_TABLE,text,model_promotion_rollback,trading-model/docs/81_decision.md,trading-model;model_governance;model_promotion;model_rollback,registry_only,Accepted generic trading_model governance table name for rollback requests away from a promoted model configuration. Concrete columns are intentionally not registered yet.,2026-04-30 02:23:25.061915-04,2026-05-03 08:14:29.419879-04
trm_THASHXK3,term,OFFICIAL_MACRO_RELEASE_CALENDAR,text,Official macroeconomic release calendars discovered through web search and confirmed against government or issuing-agency websites,,trading-execution,registry_only,source-discovery rule rather than one provider URL; use web search to find current official agency pages and reject third-party calendars as source of truth unless explicitly approved as secondary references; execution-owned calendar/source-of-truth surface for future/realtime scheduling,2026-04-26 01:48:23.385904-04,2026-04-29 21:51:11.662634-04
trm_5HE1ZLG6,term,OPENCLAW,text,"Project sentinel and orchestration layer that owns project route, docs, dispatch, review, and acceptance.",,,registry_only,canonical shared definition for OpenClaw,2026-04-25 21:10:25.004346-04,2026-04-29 21:51:11.662634-04
trm_4F58616K,term,POSTGRESQL,text,Open-source relational database system used as the target engine for trading-manager registry and related server-side data work.,,,registry_only,canonical shared definition for PostgreSQL,2026-04-25 21:10:25.004346-04,2026-04-30 00:53:31.42278-04
trm_SCM001,term,SECTOR_CONTEXT_MODEL,text,sector_context_model,trading-model/docs/90_system_model_architecture_rfc.md,trading-model;trading-data;model_02_sector_context;feature_02_sector_context,registry_only,Accepted canonical Layer 2 model id. SectorContextModel models sector/industry basket context under market conditions; it does not select final stock targets.,2026-05-02 22:33:19.297659-04,2026-05-03 08:14:29.419879-04
trm_SCS001,term,SECTOR_CONTEXT_STATE,text,sector_context_state,trading-model/docs/90_system_model_architecture_rfc.md,trading-model;sector_context_model;model_02_sector_context,registry_only,"Conceptual Layer 2 SectorContextModel state: inferred sector attributes, market-condition profile, trend stability, composition, tradability, risk context, and eligibility.",2026-05-02 03:17:58.449633-04,2026-05-03 08:14:29.419879-04
trm_S8M3B7VN,term,SMB,text,Server Message Block; network file-sharing protocol used for mounted or shared folders when needed.,,,registry_only,canonical shared definition for SMB in the trading server environment,2026-04-25 21:10:25.004346-04,2026-04-29 21:51:11.662634-04
trm_NBPU5J5P,term,SQL,text,Structured Query Language; the standard language for querying and managing relational databases.,,,registry_only,canonical shared definition for SQL,2026-04-25 21:10:25.004346-04,2026-04-29 21:51:11.662634-04
trm_SVSR001,term,STRATEGY_VARIANT_SIMULATION_REQUEST,text,strategy_variant_simulation_request,trading-data/docs/04_layer_03_strategy_variant_simulation.md,trading-manager;trading-data;trading-model;feature_03_strategy_variant_simulation;model_03_strategy_selection,registry_only,"Manager-issued request for a natural-window deterministic strategy variant simulation run. The request supplies the reviewed time window, anonymous candidate universe reference, strategy variant universe reference, and output target; it does not approve expansion, pruning, or promotion decisions.",2026-05-04 09:39:09.273633-04,2026-05-04 09:39:09.273633-04
trm_T4X9L2QK,term,TAILSCALE,text,Mesh VPN used for private network connectivity between trusted devices and services.,,,registry_only,canonical shared definition for Tailscale in the trading server environment,2026-04-25 21:10:25.004346-04,2026-04-29 21:51:11.662634-04
trm_TCI001,term,TARGET_CANDIDATE_ID,text,target_candidate_id,trading-model/docs/90_system_model_architecture_rfc.md,trading-model;model_03_strategy_selection;strategy_selection_model;anonymous_target_candidate_builder,registry_only,Stable anonymous identifier for a strategy-aware target candidate. Real symbols remain audit/routing metadata outside model-facing fitting vectors.,2026-05-02 03:17:58.449633-04,2026-05-03 22:07:04.229895-04
trm_QLKAMITP,term,TRADING_MANAGER_REGISTRY,text,"Trading-manager registry for trading-wide referenced values, approved outputs, source locators, status vocabularies, and approved terms.",,,registry_only,canonical shared definition for trading-manager registry,2026-04-25 21:10:25.004346-04,2026-04-30 00:56:15.738604-04
fld_MRRS008,text_field,INTERPRETATION,field_name,interpretation,,market_regime_relative_strength_combinations;trading-data;market_regime_model;market_regime_etf_universe,sync_artifact,Human-readable interpretation of what a reviewed market-regime ETF universe row or relative-strength combination row measures.,2026-04-29 17:28:39.068078-04,2026-04-30 00:14:51.565967-04
fld_D3W7K1RM,text_field,REGISTRY_ITEM_NOTE,field_name,note,,trading_registry,sync_artifact,"canonical column name for trading_registry.note Text value explains, describes, summarizes, or annotates rather than measuring, identifying, locating, or classifying.",2026-04-25 21:10:25.004346-04,2026-04-29 21:51:11.662634-04
fld_EVT020,text_field,SUMMARY,text,summary,,source_07_event_overlay,registry_only,"canonical short summary field for event and timeline rows Text value explains, describes, summarizes, or annotates rather than measuring, identifying, locating, or classifying.",2026-04-27 12:30:45.493818-04,2026-04-29 21:51:11.662634-04
